text,sentiment
"The product exceeded my expectations, absolutely love it!",positive
"Fantastic customer service, they resolved my issue in minutes.",positive
"Delivery was super fast and everything arrived in perfect condition.",positive
"This is the best purchase I have made all year, highly recommend.",positive
"The app is smooth, intuitive, and a real pleasure to use.",positive
"I am thrilled with the quality, worth every penny.",positive
"Support went above and beyond to help me, very impressed.",positive
"Setup was effortless and it worked right out of the box.",positive
"Great value for money, I will definitely buy again.",positive
"The new update made the software so much faster, love it.",positive
"Amazing experience from start to finish, thank you!",positive
"Their team is friendly, knowledgeable, and quick to respond.",positive
"The design is beautiful and the build feels premium.",positive
"Exceeded all my expectations, five stars without a doubt.",positive
"So happy with this, it solved a problem I have had for years.",positive
"Checkout was seamless and my order shipped the same day.",positive
"Battery life is incredible, lasts me the whole week.",positive
"Customer support was patient and truly cared about my problem.",positive
"The interface is clean and everything just makes sense.",positive
"Best decision I made, this has improved my workflow a lot.",positive
"Wonderful product, my whole family enjoys using it.",positive
"Fast refund process, no hassle at all, very fair company.",positive
"The sound quality blew me away, crystal clear.",positive
"Installation instructions were clear and easy to follow.",positive
"I recommend this to everyone, it is genuinely excellent.",positive
"Top notch quality and the packaging was lovely too.",positive
"The staff were welcoming and made the process enjoyable.",positive
"Reliable, well built, and does exactly what it promises.",positive
"Impressed by how responsive and helpful the chat support was.",positive
"Loving the new features, they make a huge difference.",positive
"Outstanding value, I could not be happier with my choice.",positive
"The onboarding was smooth and the tutorials were superb.",positive
"This gadget is a game changer, I use it every single day.",positive
"Prompt delivery and the product quality is fantastic.",positive
"Absolutely delighted, it works perfectly and looks great.",positive
"The customer team fixed my issue instantly, brilliant service.",positive
"Super comfortable, well designed, and worth every cent.",positive
"I upgraded and the performance boost is phenomenal.",positive
"Easy to set up and the results are better than advertised.",positive
"A pleasure to deal with, they really value their customers.",positive
"The build quality is superb and it feels rock solid.",positive
"Great app, it saves me hours of work every week.",positive
"Five stars, the whole experience was smooth and pleasant.",positive
"My favourite purchase this year, highly satisfied.",positive
"The support agent was kind, patient, and extremely helpful.",positive
"Works flawlessly and the design is genuinely elegant.",positive
"Incredible attention to detail, you can tell they care.",positive
"So intuitive that I was up and running in five minutes.",positive
"Excellent product and even better after sales support.",positive
"Highly reliable, it has never let me down once.",positive
"The product broke after just two days of use, very disappointing.",negative
"Terrible customer service, nobody responded to my emails.",negative
"Delivery was delayed by two weeks and no one informed me.",negative
"Complete waste of money, it does not work as advertised.",negative
"The app keeps crashing every time I open it, so frustrating.",negative
"Poor quality materials, it feels cheap and flimsy.",negative
"I was charged twice and support refuses to refund me.",negative
"The worst experience I have ever had with any company.",negative
"It stopped working after a week and now they ignore me.",negative
"Extremely slow shipping and the item arrived damaged.",negative
"The instructions were confusing and nothing fit together.",negative
"Very disappointed, the product looks nothing like the pictures.",negative
"Support was rude and completely unhelpful when I called.",negative
"The battery dies within an hour, totally unusable.",negative
"I regret buying this, it has been nothing but problems.",negative
"Overpriced for such poor performance, do not recommend.",negative
"They cancelled my order without any explanation, awful.",negative
"The website is buggy and I could not complete my purchase.",negative
"Received the wrong item and getting a replacement is a nightmare.",negative
"Constant errors and the latest update made everything worse.",negative
"Horrible packaging, the product was scratched on arrival.",negative
"I have been waiting a month for a refund that never came.",negative
"The quality control is terrible, my unit was defective.",negative
"Frustrating experience, the checkout failed three times.",negative
"Not worth the price at all, I feel completely ripped off.",negative
"The customer portal never loads and support is useless.",negative
"Cheaply made and it fell apart within a few days.",negative
"Absolutely awful, I want my money back immediately.",negative
"The subscription auto-renewed without warning, very shady.",negative
"Disappointed with the performance, it lags constantly.",negative
"The app drains my battery and heats up the phone badly.",negative
"They lost my parcel and blamed me for the mistake.",negative
"Endless hold times and the agent could not help at all.",negative
"The seams came apart the first time I used it, shoddy work.",negative
"Misleading description, the real product is far worse.",negative
"It freezes constantly and customer care just hangs up.",negative
"Worst purchase ever, it failed within the return window.",negative
"They keep charging me after I cancelled, absolute scam.",negative
"The screen cracked on its own, clearly a defective unit.",negative
"Awful experience, slow, buggy, and no one takes responsibility.",negative
"Cheap plastic that snapped immediately, total garbage.",negative
"The refund was denied for no reason, deeply unfair.",negative
"Painfully slow app and the updates only make it worse.",negative
"Rude staff, broken product, and a refund they never sent.",negative
"It arrived broken and the replacement was broken too.",negative
"Completely unreliable, it crashes during every important task.",negative
"The warranty is worthless, they refuse every single claim.",negative
"Terrible build, it started falling apart within a week.",negative
"Overhyped and underwhelming, I would never buy again.",negative
"The product arrived on the scheduled delivery date.",neutral
"It works as described, nothing more and nothing less.",neutral
"I received an email confirming my order was placed.",neutral
"The package contained the item and a user manual.",neutral
"It is an average product, does the job but nothing special.",neutral
"The color is the same as shown on the website.",neutral
"Setup took about the amount of time I expected.",neutral
"The item is standard, comparable to similar products.",neutral
"I contacted support and they logged my request.",neutral
"The device comes with a charger and a short cable.",neutral
"Shipping cost was listed at checkout before I paid.",neutral
"The size matches the dimensions in the description.",neutral
"It functions normally, I have no strong opinion yet.",neutral
"The account settings page has the usual options.",neutral
"My order status currently shows as being processed.",neutral
"The product is okay, it meets the basic requirements.",neutral
"There is a monthly plan and an annual plan available.",neutral
"The manual explains how to reset the device.",neutral
"I have been using it for a week without any changes.",neutral
"The interface has the standard menu layout.",neutral
"Delivery is expected within five to seven business days.",neutral
"The box included the item, a cable, and a warranty card.",neutral
"It performs about the same as my previous one.",neutral
"The app requires an account to access most features.",neutral
"Customer support hours are listed on their website.",neutral
"The product weighs roughly what the specs indicate.",neutral
"I updated the software to the latest version today.",neutral
"The return window is thirty days from the delivery date.",neutral
"It is a typical model with the expected features.",neutral
"The confirmation number was sent to my email address.",neutral
"The item ships from a warehouse in another state.",neutral
"There are three color options listed on the product page.",neutral
"The invoice was attached to the order confirmation email.",neutral
"It uses a standard USB cable for charging.",neutral
"The settings can be changed from the main menu.",neutral
"My subscription renews on the first of each month.",neutral
"The package weight is listed as two kilograms.",neutral
"I selected standard shipping at the checkout page.",neutral
"The device supports both light and dark themes.",neutral
"The order was placed and a receipt was generated.",neutral
"It comes in small, medium, and large sizes.",neutral
"The help center has articles on common questions.",neutral
"The product dimensions are printed on the side of the box.",neutral
"I chose the annual plan during signup.",neutral
"The tracking page shows the current delivery stage.",neutral
"The app is available on both Android and iOS.",neutral
"The manual is included as a PDF download.",neutral
"The account dashboard lists my recent orders.",neutral
"The item was restocked and is available again.",neutral
"The warranty period is stated as twelve months.",neutral
"Great value for money, I will definitely buy again.",
"The new update made the software so much faster, love it.",positive
